{"cameraMode":{"drawMode":0,"name":"Shaded","section":"Shading Mode"},"sceneLighting":true,"audioPlay":false,"sceneViewState":{"showFog":true,"showMaterialUpdate":false,"showSkybox":true,"showFlares":true,"showImageEffects":true,"showParticleSystems":true,"showVisualEffectGraphs":true,"m_FxEnabled":true},"in2DMode":false,"pivot":{"x":1.3067188262939454,"y":1.0084584951400757,"z":0.12170934677124024},"rotation":{"x":0.3166760802268982,"y":-0.038699209690093997,"z":0.012934018857777119,"w":0.9476609826087952},"size":4.282551288604736,"orthographic":true}